Question,Answer,,
Can I bring my vehicle?,yes the <parking> is avaiable.,,
Where is your restaurant?,We are located at <location>.,,
Tell me what I‚Äôve paid.,your bill is <bill>.,,
Can I see your menu?,Our menu includes items <menuitem>.,,
Can you give me your email?,You can contact us at <contact> or email <email>.,,
Can I connect to Wi-Fi?,<wifi>.,,
What is the name of your restaurant?,Our restaurant is called <name>.,,
Till what time are you open?,We are open from <hours>.,,
What‚Äôs your helpline?,You can contact us at <contact> or email <email>.,,
How can I find your restaurant?,We are located at <location>.,,
What's the name of this place?,Our restaurant is called <name>.,,
Are you open today?,We are open from <hours>.,,
Opening hours please?,We are open from <hours>.,,
What are your working hours?,We are open from <hours>.,,
Tell me your restaurant timings.,We are open from <hours>.,,
Do you take online orders?,"Yes, we provide that service. Please ask for details.",,
Where are you based?,We are located at <location>.,,
Do you allow party bookings?,"Yes, we provide that service. Please ask for details.",,
Tell me the price of Beef Burger.,Burger. costs Rs. <menu:Burger.>.,,
Do you offer parking service?,<parking>.,,
Are you open on holidays?,We are open from <hours>.,,
How long is delivery?,"Yes, we provide that service. Please ask for details.",,
Do you charge for parking?,<parking>.,,
Where are you located?,We are located at <location>.,,
What items are available?,Our menu includes items <menuitem>,,
Where can I visit you?,We are located at <location>.,,
How can I contact you?,You can contact us at <contact> or email <email>.,,
Fetch my order list.,Please share your username so I can check your orders and bill.,,
What have I ordered?,Please share your username so I can check your orders and bill.,,
Is parking available?,<parking>.,,
What is the cost of Veg Biryani?,Biryani costs Rs. <menu:Biryani>.,,
What does Pepsi cost?,cost costs Rs. <menu:cost>.,,
Cost of Chicken Biryani?,Biryani costs Rs. <menu:Biryani>.,,
Is there space for parking?,<parking>.,,
How much is Chicken Biryani?,Biryani costs Rs. <menu:Biryani>.,,
Free Wi-Fi available?,<wifi>.,,
What is your phone number?,You can contact us at <contact> or email <email>.,,
Can I host a party there?,"Yes, we provide that service. Please ask for details.",,
Rate of Chicken Pizza?,Pizza costs Rs. <menu:Pizza>.,,
How do I pay?,Please share your username so I can check your orders and bill.,,
Please tell me the name of your eatery.,Our restaurant is called <name>.,,
Can I park outside?,<parking>.,,
Do you have Wi-Fi?,<wifi>.,,
Do you serve kids‚Äô meals?,"Yes, we provide that service. Please ask for details.",,
Tell me your dishes.,Our menu includes items <menuitem>.,,
Do you provide Wi-Fi service?,yes we can <wifi>.,,
Show my orders.,Please share your username so I can check your orders and bill.,,
How much is Water Bottle?,Bottle costs Rs. <menu:Bottle>.,,
Can guests access Wi-Fi?,<wifi>.,,
Where is your place situated?,We are located at <location>.,,
Your restaurant is called what?,Our restaurant is called <name>.,,
Do you offer free internet?,yes .<wifi>.,,
What's your location?,We are located at <location>.,,
How do I reach your restaurant?,You can contact us at <contact> or email <email>.,,
drinks do you offer?,Our menu includes items <menuitem>.,,
What is your business timing?,We are open from <hours>.,,
What's this restaurant called?,Our restaurant is called <name>.,,
What do I pay for Pepsi?,Pepsi costs Rs. <menu:Pepsi>.,,
What‚Äôs your contact number?,You can contact us at <contact> or email <email>.,,
Show my total amount.,Please share your username so I can check your orders and bill.,,
List your menu items.,Our menu includes items <menuitem>.,,
Can you tell me your restaurant's name?,Our restaurant is called <name>.,,
How much do I owe?,Please share your username so I can check your orders and bill.,,
Is your food halal?,"Yes, we provide that service. Please ask for details.",,
What food do you serve?,Our menu includes items <menuitem>.,,
Your contact info?,You can contact us at <contact> or email <email>.,,
What‚Äôs your physical address?,We are located at <location>.,,
Can I park my car there?,<parking>.,,
What meals are served?,Our menu includes items <menuitem>.,,
Do you take credit cards?,"Yes, we provide that service. Please ask for details.",,
Do you have vegetarian food?,"Yes, we provide that service. Please ask for details.",,
What time do you open and close?,We are open from <hours>.,,
I want directions to your restaurant.,We are located at <location>.,,
Is catering available?,"Yes, we provide that service. Please ask for details.",,
Is Wi-Fi available?,<wifi>.,,
kind of food do you have?,Our menu includes items <menuitem>.,,
Who are you?,Our restaurant is called <name>.,,
Price of Margherita Pizza?,Pizza costs Rs. <menu:Pizza>.,,
Do you deliver food?,"Yes, we provide that service. Please ask for details.",,
Can I email you?,You can contact us at <contact> or email <email>.,,
Give me your phone number please.,You can contact us at <contact> or email <email>.,,
I need your contact details.,You can contact us at <contact> or email <email>.,,
May I know the name of your restaurant?,Our restaurant is called <name>.,,
What is on your menu?,Our menu includes items <menuitem>.,,
Do you allow customers to use Wi-Fi?,<wifi>.,,
When do you close?,We are open from <hours>.,,
Can I use Wi-Fi there?,<wifi>.,,
What is your address?,We are located at <location>.,,
Do you have parking?,<parking>.,,
Can I see my bill?,Please share your username so I can check your orders and bill.,,
Where can I park near your place?,<parking>.,,
Have I paid already?,Please share your username so I can check your orders and bill.,,
What do people call this restaurant?,Our restaurant is called <name>.,,
Is customer parking allowed?,<parking>.,,
How much for a bottle of water?,water costs Rs. <menu:water>.,,
Do you have biryani and pizza?,Our menu includes items <menuitem>.,,
Give me my payment details.,Please share your username so I can check your orders and bill.,,
Is there internet access?,<wifi>.,,
What's your brand name?,Our restaurant is called <name>.,,
When are you open?,We are open from <hours>.,,
What are your most popular dishes?,"Our most popular items include <menu:Chicken Biryani>, <menu:Beef Burger>, and <menu:Margherita Pizza>.",,
Do you have a kids' menu?,"Yes, we offer a special <menu:kids_menu> with meals suitable for children.",,
Can I reserve a table in advance?,"Yes, table reservations are accepted. Please contact us at <contact>.",,
Do you offer dine-in service?,"Yes, we have both <service:dine-in> and <service:takeaway> options available.",,
What time does your kitchen close?,Our kitchen closes at <hours:closing_time>.,,
Do you have outdoor seating?,"Yes, we offer <facility:outdoor_seating> depending on the weather.",,
Is there a dress code?,There is no formal dress code. <policy:dress_code> is casual.,,
Can I order a birthday cake from you?,"Yes, we can arrange custom cakes for birthdays. Please call <contact> in advance.",,
Do you serve breakfast?,"Yes, we serve <menu:breakfast> from <hours:breakfast>.",,
What are your weekend hours?,Our weekend hours are <hours:weekend>.,,
Can I speak to the manager?,"Sure, please wait while I connect you to <staff:manager>.",,
Is there a waiting time on weekends?,"It may vary, but weekends are usually busy. A short wait is expected.",,
Do you have a loyalty program?,"Yes, we offer a <service:loyalty_program>. Ask our staff to sign up.",,
Can I order food without registering?,"Yes, <policy:guest_checkout> is available, but registered users get better service.",,
Are there any combo deals available?,"Yes, we offer <menu:combo_deals>. Please check today's specials.",,
Can I get extra sauce with my meal?,"Yes, we can include <menu:extra_sauce> on request.",,
Do you provide high chairs for kids?,"Yes, <facility:high_chairs> are available for small children.",,
Are pets allowed?,"Unfortunately, <policy:pets> are not allowed inside the restaurant.",,
Do you cater for corporate events?,"Yes, we provide <service:corporate_catering>. Please contact us for details.",,
Do you offer gluten-free options?,"Yes, some dishes are <menu:gluten_free>. Please ask our staff for suggestions.",,
Do you have vegan dishes?,"Yes, we offer a selection of <menu:vegan> meals.",,
Can I customize my order?,"Absolutely, you can request <service:custom_orders> when ordering.",,
Do you serve soup?,"Yes, we have several types of <menu:soup> available. Check the menu.",,
How many guests can you accommodate?,We can comfortably seat up to <info:capacity> guests.,,
Do you serve alcohol?,"No, <policy:alcohol> is not served at our restaurant.",,
Can I see the full menu?,"Sure, you can view our menu here: <link:menu_page>.",,
How can I pay my bill?,"You can pay using <payment:credit_card>, <payment:cash>, or <payment:online> methods.",,
Do you offer home delivery?,"Yes, we provide <service:home_delivery>. Enter your location on our website to check availability.",,
Where are you located?,We are located at <location:address>. Please check <link:map> for directions.,,
Do you offer discounts for students?,"Yes, we offer <discount:student_discount> with a valid student ID.",,
How can I track my order?,You can track your order through <link:order_tracking>.,,
Can I book a private room?,"Yes, we have <facility:private_rooms> available for events and meetings.",,
Do you have Wi-Fi available?,"Yes, we offer <facility:free_wifi> for our dine-in guests.",,
Is parking available?,"Yes, we provide <facility:parking_space> for our customers.",,
How do I cancel my reservation?,"To cancel a reservation, please contact <staff:reception> at <contact>.",,
Do you support contactless payments?,"Yes, we support <payment:contactless> options including NFC cards and digital wallets.",,
Do you offer buffet service?,"Yes, our <service:buffet> is available on weekends from <hours:buffet_time>.",,
Can I make a complaint?,We‚Äôre sorry to hear that. Please report your complaint to <staff:manager> or email us at <contact>.,,
Can I bring outside food?,<policy:outside_food> is not allowed for hygiene and safety reasons.,,
Is your kitchen halal certified?,"Yes, we follow <policy:halal_certified> practices in our kitchen.",,
Do you serve tea or coffee?,"Yes, we serve both <menu:tea> and <menu:coffee>. Check our beverage section.",,
Can I get a printed bill?,"Yes, we provide <service:printed_bill> on request.",,
Do you offer seasonal dishes?,"Yes, we feature <menu:seasonal_specials> based on availability.",,
Can I leave feedback about my experience?,We'd love to hear your thoughts. Leave feedback at <link:feedback_form>.,,
Is your restaurant wheelchair accessible?,"Yes, we offer <facility:wheelchair_accessible> entry and seating.",,
Do you offer daily specials?,"Yes, we feature <menu:daily_specials> that change every day. Ask our staff or check online.",,
How do I join your membership program?,You can join our <service:membership_program> via the website or by asking at the counter.,,
Can I get a printed copy of the menu?,"Yes, we can provide a <service:printed_menu> on request.",,
Are your ingredients locally sourced?,"Yes, we try to use <policy:local_ingredients> for better taste and sustainability.",,
Do you offer any low-calorie meals?,"Yes, our <menu:low_calorie_options> are great for health-conscious guests.",,
Can I pre-order food before arriving?,"Absolutely, you can use our <service:pre_order> option online or via phone.",,
What is the average cost per person?,The average meal costs around <info:average_price> per person.,,
Is your restaurant available on food apps?,"Yes, we're available on <platform:foodpanda>, <platform:ubereats>, and <platform:bykea>.",,
Do you offer party packages?,"Yes, we have customizable <service:party_packages> for groups and events.",,
Is there a service charge?,A <policy:service_charge> may apply to dine-in orders. Please check your bill.,,
Can I change the spice level of dishes?,"Yes, you can request <menu:spice_level> adjustments while ordering.",,
Do you provide takeaway containers?,"Yes, we provide <facility:takeaway_containers> for leftovers or takeout.",,
Can I get an allergen-free version of a dish?,"Yes, just let us know and we‚Äôll try to provide a <policy:allergen_free> version.",,
Do you have photos of the menu items?,"Yes, you can view images of our dishes at <link:menu_gallery>.",,
Do you serve food all day?,"Yes, our <service:all_day_dining> is available from open till close.",,
How long does delivery take?,"Delivery typically takes <info:delivery_time>, depending on your location.",,
Can I host a small event here?,"Yes, we offer <service:event_booking> for birthdays, meetings, and more.",,
Is there a minimum order for delivery?,"Yes, the minimum order for delivery is <policy:minimum_order>.",,
Are gift cards available?,"Yes, we offer <service:gift_cards> in different denominations.",,
How can I apply for a job?,Job applications are accepted through <link:careers> or you can drop your resume at <location:counter>.,,
Can I see nutritional info for menu items?,"Yes, nutritional details are listed under <link:nutrition_guide> or available on request.",,
Do you accept credit cards?,"Yes, we accept all major cards including <policy:visa>, <policy:mastercard>, and <policy:amex>.",,
Can I request contactless delivery?,"Yes, we support <service:contactless_delivery> for your safety.",,
Do you have seasonal items?,"Yes, we feature <menu:seasonal_specials> that rotate throughout the year.",,
Are there special offers for students?,"Yes, students can avail discounts through our <policy:student_discount> program.",,
What are your lunch hours?,Our lunch hours are from <hours:lunch_start> to <hours:lunch_end>.,,
Do you serve brunch on Sundays?,"Yes, our <menu:brunch_menu> is served every Sunday from <hours:brunch>.",,
Can I book a private room?,"Yes, we offer <facility:private_rooms> for meetings and special events.",,
Is valet parking available?,"Yes, we provide <facility:valet_parking> at the main entrance.",,
Do you have Wi-Fi for customers?,"Yes, we offer <facility:free_wifi>. Just ask our staff for the password.",,
Can I track my delivery order?,"Yes, our <service:order_tracking> feature lets you track your delivery in real-time.",,
Do you offer cooking classes?,"Yes, we occasionally host <service:cooking_classes>. Check <link:events_page> for details.",,
Is there a buffet option?,"Yes, our <menu:buffet> is available during lunch hours on weekends.",,
Do you serve halal food?,"Yes, all our meats are <policy:halal_certified>.",,
Is your restaurant wheelchair accessible?,"Yes, we provide <facility:wheelchair_access> and accessible restrooms.",,
Can I leave a tip online?,"Yes, tipping can be added via <service:online_payment>.",,
Do you offer early bird discounts?,"Yes, we have <policy:early_bird_discount> available from <hours:early_bird>.",,
Can I split the bill?,"Yes, we support <service:split_bill> for group orders.",,
Are there dessert options?,"Yes, we serve <menu:desserts> like cakes, ice cream, and puddings.",,
Do you have a birthday offer?,"Yes, enjoy a free dessert with your meal on your birthday! <policy:birthday_offer>.",,
Can I get recommendations for today?,Sure! Our chef recommends trying <menu:chef_special> today.,,
Is this restaurant kid-friendly?,"Yes, we offer <facility:kid_friendly_environment> and <menu:kids_menu>.",,
Do you have soup of the day?,"Yes, our <menu:soup_of_the_day> is listed at the counter and updated daily.",,
Can I cancel my order?,"Yes, orders can be canceled within <policy:cancel_window>. Contact <contact>.",,
Is your meat organic?,"Yes, we use <policy:organic_meat> in our preparations.",,
Do you have mocktails?,"Yes, our <menu:mocktail_list> is a customer favorite!",,
Are your desserts egg-free?,Some <menu:eggless_desserts> are available. Please confirm with the server.,,
Can I pay via mobile wallet?,"Yes, we accept <platform:easy_paisa>, <platform:jazz_cash>, and <platform:sada_pay>.",,
Do you sell family meal boxes?,"Yes, we have <menu:family_meal_boxes> ideal for 3-5 people.",,
Do you offer pickup from the kitchen window?,"Yes, <service:window_pickup> is available for online orders.",,
Can I gift a meal to someone else?,"Yes, try our <service:gift_a_meal> option available on the app.",,
Do you provide bulk orders for offices?,"Yes, our <service:bulk_catering> is perfect for businesses.",,
Is there a minimum age for dine-in?,"No, <policy:minimum_age> is not enforced. All ages welcome.",,
How often do you update the menu?,Our <menu:main_menu> is updated seasonally and our <menu:daily_specials> change every day.,,
Do you serve late night snacks?,"Yes, our <menu:late_night_menu> is available until <hours:closing_time>.",,
Do you have staff trained in food allergies?,"Yes, our team is trained to handle <policy:food_allergy> concerns.",,
Do you have event packages?,"Yes, we offer <service:event_packages> for corporate and social gatherings.",,
Can I book for a group of 20?,"Yes, we accommodate <info:large_groups>. Advance notice is appreciated.",,
Is your food spicy?,We offer both <menu:spicy_dishes> and mild options to suit all tastes.,,
Can I check my bill online?,"Yes, you can view your bill on <link:billing_page> or through our app.",,
Do you have monthly meal plans?,"Yes, we offer <service:monthly_plans> for regular customers.",,
Can I add items after placing the order?,"Yes, items can be added via <service:modify_order> within 5 minutes of checkout.",,
Is it safe to dine in during flu season?,"Yes, we follow <policy:health_protocols> for a safe experience.",,
Can I schedule my delivery for later?,"Yes, we support <service:scheduled_delivery> up to 3 days in advance.",,
Do you serve buffet for dinner too?,"Yes, the <menu:buffet_dinner> is available on weekends.",,
Is takeaway faster than dine-in?,"Yes, our <service:quick_takeaway> is designed for speed and convenience.",,
Can I bring my own cake?,"Yes, outside cakes are allowed with a <policy:service_fee>.",,
Can I donate a meal?,"Yes, you can sponsor food through our <service:donation_program>.",,
Do you offer couple seating?,"Yes, we provide <facility:couple_booths> for more privacy.",,
Are you open on national holidays?,"Yes, our holiday hours are posted on <link:holiday_schedule>.",,
Can I choose my delivery time slot?,"Yes, during checkout, select a <service:delivery_slot> of your choice.",,
Do you charge for packaging?,A small <policy:packaging_fee> may apply to takeaway or delivery orders.,,
Do you offer kids birthday packages?,"Yes, our <service:kids_party_package> includes cake, decor, and meals.",,
Can I leave feedback?,"Yes, please share your experience via <link:feedback_form>.",,
Do you provide vegetarian options?,"Yes, our <menu:vegetarian_menu> has a wide variety of meals.",,
Are table bookings free?,"Yes, <service:table_booking> is absolutely free of charge.",,
Do you offer self-service?,"Yes, we have both <service:self_service> and table service options.",,
Do you sell beverages separately?,"Yes, <menu:drinks> can be ordered with or without meals.",,
Is the kitchen open for walk-ins?,"Yes, walk-in customers are always welcome during <hours:open_hours>.",,
Do you offer a tasting menu?,"Yes, try our <menu:tasting_menu> available for first-time visitors.",,
Are there fees for extra toppings?,"Yes, a small <policy:extra_toppings_fee> applies to certain add-ons.",,
Can I request a dish not on the menu?,"You can make a <service:special_request>, and we‚Äôll try to accommodate it.",,
Do you provide candles for birthdays?,"Yes, we offer <facility:birthday_candles> with cakes upon request.",,
Can I pre-pay for someone else‚Äôs meal?,"Yes, we allow <service:prepaid_meal> gifts with a custom message.",,
Do you recycle your packaging?,"Yes, we use <policy:eco_friendly_packaging> that‚Äôs recyclable.",,
Can I get an invoice for my order?,"Yes, detailed <service:order_invoice> can be emailed or printed.",,
Do you offer chef specials every day?,"Yes, our <menu:chef_special> is freshly curated daily.",,
Are your online prices the same as in-store?,"Yes, we maintain <policy:price_parity> across platforms.",,
Do you have a lost and found?,"Yes, please contact <staff:reception> regarding lost items.",,
Can I pay half cash and half card?,"Yes, we support <service:split_payment> between payment methods.",,
Can I take home unfinished food?,"Yes, just ask for <facility:take_home_boxes> from the server.",,
Is your staff vaccinated?,"Yes, our staff is <policy:fully_vaccinated> for everyone‚Äôs safety.",,
Do you offer live music?,"Yes, enjoy <facility:live_music> on weekends from <hours:live_music>.",,
Is there a waiting list?,"Yes, join our <service:waitlist> during peak hours via the app or reception.",,
Can I get a refund for my order?,"For refunds, please contact <staff> at <contact> with your order details.",,
I don‚Äôt like your food. What can you do?,We apologize for your experience. Please share feedback at <link> or contact <staff>.,,
Why was my bill higher than expected?,Please share your username or order ID so I can check your bill details.,,
Your service is too slow. Why?,"We regret the delay. Our team is working to improve. For compensation, contact <staff>.",,
Tell me about my last order.,Please share your username so I can fetch your order history.,,
I was overcharged. Help!,Kindly provide your order ID for verification. We‚Äôll resolve this at <contact>.,,
Can I dispute a payment?,"Yes, disputes can be raised at <link> or by emailing <email>.",,
Your food was cold. What now?,We‚Äôre sorry! Please contact <contact> with your order number for a replacement or refund.,,
Why did I get the wrong order?,"Apologies for the mix-up. Share your order ID, and we‚Äôll rectify it immediately.",,
How do I delete my account?,Account deletion requests can be sent to <email> with ‚ÄòDelete Account‚Äô as the subject.,,
I forgot my username. How to recover?,Username recovery is available at <link>. Enter your registered email.,,
Your Wi-Fi isn‚Äôt working. Fix it!,"We‚Äôll resolve the Wi-Fi issue shortly. For updates, ask <staff>.",,
The parking area is full. Alternatives?,Nearby parking is available at <location>. We apologize for the inconvenience.,,
I‚Äôm allergic to what I just ate. Help!,Urgently inform <staff>. We‚Äôll assist and note <policy> options for future orders.,,
Your menu says ‚Äòspicy‚Äô but it wasn‚Äôt.,"We‚Äôll review this with our kitchen. For a remake, contact <staff>.",,
Can I speak to the chef about my dish?,Certainly! The chef is available at <staff> during <hours>.,,
Why is my delivery taking so long?,Delays may occur due to <info>. Track your order at <link>.,,
I want to cancel my reservation now.,Cancellations can be made via <link> or by calling <contact>.,,
Your app crashed during my order. What next?,"Try again or place your order at <link>. For refunds, email <email>.",,
The restroom is dirty. Address this!,We‚Äôll clean it immediately. Thank you for alerting <staff>.,,
Do you have a complaint book?,"Yes, complaints can be logged at <staff> or via <link>.",,
My kid got hurt in your play area.,We‚Äôre sorry! Our <staff> is trained to assist. Please inform us immediately.,,
Your staff was rude to me.,We apologize. Please share details at <email> so we can take action.,,
I lost my wallet at your restaurant.,"Check with <staff>. For urgent help, call <contact>.",,
The music is too loud. Lower it!,"We‚Äôll adjust the volume. For further requests, ask <staff>.",,
Can I get a copy of my receipt?,"Yes, your receipt can be emailed or printed. Request it at <staff>.",,
Your website shows outdated menu prices.,Thanks for flagging! We‚Äôll update it. Current prices are at <link>.,,
I ordered vegetarian but got meat!,This is unacceptable. We‚Äôll remake your order. Contact <staff> now.,,
Your delivery guy was unprofessional.,We‚Äôll address this. Share details at <email> with ‚ÄòDelivery Feedback‚Äô in the subject.,,
Why is there a service charge on my bill?,<policy> applies to dine-in orders for staff welfare. Details at <link>.,,
The table is wobbly. Fix it!,We‚Äôll secure it right away. Inform <staff> for a table change.,,
Can I get a loyalty points breakdown?,Check your points balance at <link> or ask <staff>.,,
Your food made me sick. I need help!,"Seek medical help first, then contact <staff> with details for investigation.",,
I was double-charged. Resolve this!,Provide your transaction ID to <staff> for an instant refund.,,
The portion size is too small.,"We‚Äôll review your feedback. For now, contact <staff> for a complimentary side.",,
Your app won‚Äôt accept my coupon.,Try entering the code manually at <link> or call <contact>.,,
The AC isn‚Äôt working. It‚Äôs too hot!,"We‚Äôll adjust the temperature. For immediate relief, ask for <facility>.",,
Can I get a birthday discount?,Yes! Show your ID at <staff> to avail <policy>.,,
Your hygiene standards seem low.,We take this seriously. Share specifics at <email> for immediate action.,,
The waiter ignored my requests.,We apologize. Inform <staff> to ensure better service.,,
Do you compensate for bad experiences?,"Yes, we do. Contact <staff> with details for resolution.",,
I need my order history for taxes.,Download your order history at <link> or email <email>.,,
Your parking attendant was rude.,We‚Äôll address this. Share the time/details at <link>.,,
The online order page is broken.,Try clearing your cache or use <link>. Report bugs to <email>.,,
Can I get a senior citizen discount?,Yes! Present your ID to avail <policy> at <staff>.,,
Your food tastes stale. Refund?,,We‚Äôll replace it or refund. Contact <staff> with your order number.,
The cutlery was dirty. Disgusting!,We‚Äôll replace it immediately and inspect our <policy>.,,
Why is there no salt in the fries?,We‚Äôll season them to your preference. Inform <staff> for a remake.,,
Your delivery packaging was torn.,"We‚Äôll report this to <staff>. For a refund, email <email>.",,
The ice cream machine isn‚Äôt working.,"We‚Äôre fixing it! Meanwhile, try our <menu>.",,
Can I get a vegan dessert?,Yes! Ask for our <menu> or check <link>.,,
Your staff gave me incorrect change.,,We‚Äôll rectify this. Provide your bill number to <staff>.,
The salad had a hair in it!,We deeply apologize. Contact <staff> for a full refund and compensation.,,
Can I get a group discount for 10+ people?,Yes! Inquire about <policy> at <staff>.,,
Your app leaked my data. Explain!,This is alarming. Contact our <staff> at <email> immediately.,,
How do I leave a review for my visit?,You can share your experience at <link> or on <platform>.,,
Can I suggest a new dish?,Absolutely! Share your ideas at <email> or with <staff>. We love creativity!,,
Your restaurant is too noisy. Can you fix it?,"We‚Äôll adjust the ambiance. For now, ask for <facility> seating.",,
Do you have a suggestion box?,Yes! Drop feedback at <staff> or online at <link>.,,
Why was my reservation not honored?,We apologize! Contact <staff> for compensation and rebooking.,,
My order is incomplete. What now?,"Please share your order ID, and we‚Äôll resolve this at <contact>.",,
Can I change my delivery address after ordering?,"Yes, if the order isn‚Äôt dispatched. Call <contact> immediately.",,
Why was my takeaway order delayed?,We‚Äôre checking with the kitchen. Track updates at <link>.,,
I received someone else‚Äôs order. Help!,We‚Äôll redeliver yours ASAP. Contact <staff> at <contact>.,,
Do you offer express delivery?,"Yes, <service> is available for an extra <policy>.",,
Is your chicken free-range?,"Yes, we use <policy> in all dishes.",,
Can I get extra cheese on my pizza?,Of course! Just request <menu> when ordering.,,
Do you have sugar-free desserts?,Yes! Try our <menu> like cheesecake or fruit salad.,,
Is the biryani very spicy?,"You can choose <menu>‚Äîmild, medium, or hot.",,
Are your fries gluten-free?,"Yes, our fries are <menu>, but fried separately for safety.",,
Do you accept PayPal?,"Yes, we accept <payment> along with cards and cash.",,
Is there a discount for first-time customers?,Yes! Use code <promo> for 10% off your first order.,,
Can I pay after eating?,"Yes, <service> is available for dine-in customers.",,
Why was I charged for water?,Only bottled water is charged. Tap water is <policy>.,,
Do you offer military discounts?,"Yes, show your ID for <policy> at checkout.",,
Can I reserve the rooftop area?,Yes! Book <facility> via <link>.,,
Do you decorate for anniversaries?,"Yes, we offer <service> with prior notice.",,
Can I bring a cake for a celebration?,"Yes, but a <policy> may apply.",,
Do you host corporate lunches?,Yes! Inquire about <service> at <contact>.,,
Is there a private dining room?,"Yes, <facility> seats up to <info> guests.",,
Your app won‚Äôt let me log in. Help!,Reset your password at <link> or contact <email>.,,
How do I update my profile info?,Go to <link> or ask <staff> for assistance.,,
The QR menu isn‚Äôt loading.,Try scanning again or request a <service> from staff.,,
I didn‚Äôt get my order confirmation.,Check spam or request a resend at <link>.,,
Can I order via WhatsApp?,Yes! Message <contact> for <service>.,,
Do you have a smoking area?,"Yes, <facility> is available outside.",,
Are strollers allowed inside?,"Yes, we have <facility> near the entrance.",,
Can I work remotely from your caf√©?,Yes! Enjoy <facility> seating and <wifi>.,,
Do you sell merchandise?,Yes! Ask <staff> about <service>.,,
Is there a dress code?,"No, <policy> is casual‚Äîcome as you are!",,
There‚Äôs a bug in my salad!,We‚Äôre horrified! Contact <staff> for a refund and replacement.,,
Your staff overcharged me!,Provide your bill to <staff> for an instant correction.,,
The restroom has no toilet paper.,We‚Äôll restock immediately. Alert <staff> for assistance.,,
I saw a rat in the dining area!,This is unacceptable. We‚Äôll sanitize the area‚Äîreport to <staff> now.,,
The food was undercooked.,,We‚Äôll remake your meal. Show it to <staff> for immediate action.,
My order is late. What‚Äôs happening?,Track it at <link> or contact <staff> for updates.,,
Can I modify my order after placing it?,"If not dispatched, call <contact> for changes.",,
The food arrived cold. What now?,We‚Äôll replace it! Contact <staff> with order #.,,
Can I order in advance for later?,Yes! Schedule orders via <link> or <app>.,,
Why was my order canceled?,Check <email> for reasons or contact <staff>.,,
How do I tip the delivery person?,Add tips via <app> or give cash to <staff>.,,
Is there a minimum order for delivery?,"Yes, <policy> applies. Details at <link>.",,
Can I order for a large group?,Yes! Use <service> or call <contact> for >10 people.,,
I didn‚Äôt get my side dish.,Apologies! Share order # at <contact> for a refund.,,
Your driver couldn‚Äôt find my address.,Update your address at <link> or call <contact>.,,
What payment methods do you accept?,We take <payment>. Cash is accepted in-store.,,
Can I split the bill?,Yes! Inform <staff> before paying.,,
I was charged twice. Help!,Share transaction ID at <email> for a refund.,,
Do you offer cashback?,"No, but check <promo> for discounts.",,
Can I get an invoice for my order?,Download it at <link> or email <email>.,,
Why is there a delivery fee?,It covers <policy>. Fee waived for orders ><amount>.,,
Does my coupon expire?,Check terms at <link> or ask <staff>.,,
Can I pay with a gift card?,Yes! Redeem at checkout or show <staff>.,,
Your POS declined my card. Why?,Try another card or contact <staff>.,,
Is service charge mandatory?,"Yes, <policy> applies for dine-in. Details: <link>.",,
Can I customize my dish?,Yes! Mention allergies/preferences at checkout.,,
Do you have vegan options?,Yes! Check <menu> or ask <staff>.,,
Is your kitchen halal/kosher?,We follow <policy>. Details: <link>.,,
Can I bring my own wine?,"Yes, but <policy> applies. Ask <staff>.",,
Do you host birthday parties?,Yes! Book <service> at <link>.,,
Can I request a quiet table?,Yes! Note it when booking or ask <staff>.,,
Is the patio heated?,"Yes, <facility> has heating in winter.",,
Can I reserve the chef‚Äôs table?,Yes! Inquire at <contact> for <service>.,,
Do you do catering?,Yes! Explore <service> at <link>.,,
Can I meet the chef?,Chef visits during <hours>. Ask <staff>!,,
Your website isn‚Äôt loading.,Try again soon or place orders via <app>.,,
I can‚Äôt log in to my account.,Reset password at <link> or email <email>.,,
The app keeps crashing.,Update the app or use <link> for now.,,
How do I unsubscribe from emails?,Click ‚Äòunsubscribe‚Äô in emails or email <email>.,,
QR code menu isn‚Äôt working.,Request a <service> from <staff>.,,
My loyalty points are missing.,Check balance at <link> or contact <staff>.,,
Your chatbot isn‚Äôt helpful.,Apologies! Contact <staff> for direct help.,,
Can I order via phone?,Yes! Call <contact> for <service>.,,
Do you have an Android/iOS app?,Yes! Download at <link>.,,
Google says you‚Äôre closed. Are you?,"No, we‚Äôre open! Hours: <hours>.",,
The restroom is out of soap.,We‚Äôll restock ASAP. Alert <staff>.,,
Your music is too loud.,We‚Äôll adjust it. Ask <staff> for help.,,
My steak was overcooked.,We‚Äôll remake it! Show <staff> your order.,,
The waiter was rude.,We apologize. Share details at <email>.,,
There‚Äôs a fly in my soup!,Terrible! Contact <staff> for a replacement.,,
The chairs are uncomfortable.,We‚Äôll seat you elsewhere. Ask <staff>.,,
Your prices increased. Why?,"Due to <policy>, but check <promo> for deals.",,
The online menu is wrong.,Thanks for flagging! We‚Äôll update <link>.,,
I got food poisoning.,"Seek medical help, then email <email> for investigation.",,
Your portion sizes are small.,We‚Äôll note your feedback. Ask <staff> for extras.,,
Tell me a joke.,Why did the tomato blush? It saw the salad dressing! üòÑ Need help with orders?,,
What‚Äôs the weather today?,I‚Äôm your restaurant assistant! Ask me about menus or reservations.,,
Who won the World Cup?,I specialize in food queries! üçΩÔ∏è Need dining help?,,
Define ‚Äòrestaurant‚Äô.,A place to enjoy meals! How can I assist with ours?,,
Sing me a song.,üéµ ‚ÄòFood glorious food!‚Äô Need menu recommendations?,,
Are you a human?,"Nope, a food-loving bot! Ask me about <menu> or <hours>.",,
What‚Äôs your favorite dish?,I‚Äôm biased‚Äîtry our <menu> and decide yours!,,
How old are you?,I‚Äôm brand new! Want to explore our <promo>?,,
Tell me about yourself.,I help with restaurant queries! Ask about <service>.,,
"Sorry, I meant to ask‚Ä¶","No problem! Ask about menus, bookings, or feedback.",,
I have a severe nut allergy. Can your kitchen guarantee no cross-contamination?,"We take allergies seriously! Request <policy> when ordering and inform <staff>. However, <disclaimer>.",,
Can I host a wedding reception for 100 guests at your venue?,Yes! Our <facility> accommodates large events. Contact <staff> at <email> for packages.,,
Do you use eco-friendly packaging for takeaways?,Yes! We follow <policy> with compostable containers. Learn more: <link>.,,
,,,
A power outage interrupted my meal. Will I be billed?,No! Your meal is on us. Contact <staff> to reschedule or get a <policy>.,,
1 tea please,Great choice! Your bill is <bill>.,,
I want 2 burgers,Sure! burgers added. Your total is <bill>.,,
Can I order a pizza?,Absolutely! Your pizza will cost <bill>.,,
Get me a coke,Got it! Your bill for the coke is <bill>.,,
I need 3 lemonades,No problem. The bill for 3 lemonades is <bill>.,,
Add 1 biryani to my order,Biryani added! Your updated bill is <bill>.,,
I'd like one coffee,Coffee coming right up! Total: <bill>.,,
Bring me a sandwich,Of course. Sandwich costs <bill>.,,
Order 2 cheesecakes,Sweet! The total bill is  <bill>.,,
1 mango shake please,Sure! Your bill is <bill>.,,
Please get me fries,Done! Fries cost <bill>.,,
I want a chocolate shake,Great pick! That‚Äôs <bill>.,,
Send 3 burgers and 2 cokes,Order received! Your total bill is <bill>.,,
Add 1 pasta and 1 garlic bread,Got it! The bill is <bill>.,,
Can I get 2 coffees?,Yes! That'll be <bill>.,,
Add a pizza and 2 drinks,Pizza and drinks coming up! Your total is <bill>.,,
I'd like one bottle of water,Sure. That‚Äôs <bill>.,,
Order 2 veg rolls and a juice,Order noted. The total is <bill>.,,
I want 4 spring rolls,Spring rolls for you! That‚Äôs <bill>.,,
Please add 1 ice cream,Ice cream added! Your bill is <bill>.,,
Can I get 3 cappuccinos?,Cappuccinos on the way. Total: <bill>.,,
Add 2 soups and 1 naan,Added! Your total is <bill>.,,
I‚Äôll have a butter chicken,Butter chicken? Excellent choice. Bill is <bill>.,,
Get me 1 dosa please,Alright! Dosa costs <bill>.,,
Add 1 tea and 1 samosa,Sure! That comes to <bill>.,,
Order a plate of momos,Momos added! Your bill is <bill>.,,
I want one cold coffee,Noted! Cold coffee bill is <bill>.,,
Please bring 2 brownies,On it! 2 brownies cost <bill>.,,
Add 1 burger,Okay! Burger added. Total bill: <bill>.,,
Send me 2 chicken wraps,Chicken wraps coming up! Your bill: <bill>.,,
Can I get 2 green teas?,Of course! That will be <bill>.,,
I‚Äôd like to order a falooda,Perfect. Falooda costs <bill>.,,
One veg thali please,Got it! The bill is <bill>.,,
I want a mocha,Mocha it is! Your total: <bill>.,,
Add 2 club sandwiches,Sure thing! That‚Äôs <bill>.,,
Can I get a latte?,Latte on the way! Total is <bill>.,,
I‚Äôll take 1 mint margarita,Refreshing choice! Your bill is <bill>.,,
Give me 3 nuggets and 2 fries,Noted. Your total bill is <bill>.,,
Get me 2 pancakes,Pancakes coming right up! The bill is <bill>.,,
Add 1 grilled sandwich,Grilled sandwich added. That will be <bill>.,,
I want to order 2 kulfis,Absolutely! Your bill is <bill>.,,
Please add a tandoori platter,Got it! Tandoori platter costs <bill>.,,
Send me 2 mango lassis,Mango lassis on the way. Total: <bill>.,,
I'd like a veggie pizza,Sure. Veggie pizza bill is <bill>.,,
One butter naan please,Naan added. Your bill: <bill>.,,
Add 2 falafels and 1 hummus,Falafel and hummus ready. Bill: <bill>.,,
Can I get 1 club sandwich?,Yes! Club sandwich is <bill>.,,
Order a BBQ platter,Great choice! The BBQ platter is <bill>.,,
Please give 1 bottle of coke,Coke bottle added. Your bill is <bill>.,,
Get me a beef burger and fries,Beef burger + fries = <bill>.,,
I want 3 donuts,Delicious! Your bill is <bill>.,,
Add 1 zinger burger,Zinger burger on the way! Total: <bill>.,,
Send me 2 iced teas,Alright! Iced teas cost <bill>.,,
Give me 1 sausage roll,Sausage roll added. That‚Äôs <bill>.,,
Order 1 masala chai,Masala chai coming up! Total is <bill>.,,
Add 2 slices of cake,Cake slices added! Bill: <bill>.,,
Please get me one beef wrap,Noted! Beef wrap is <bill>.,,
Order 1 grilled chicken,You got it! Bill is <bill>.,,
I want 2 croissants,Sure! Your total is <bill>.,,
Add 1 hot chocolate,Hot chocolate added. That‚Äôll be <bill>.,,
Can I get 1 pizza slice?,Pizza slice coming up! Total: <bill>.,,
I need a fish burger and coke,Got it! Your total bill is <bill>.,,
Give me 2 samosas,Yes, 2 samosas for <bill>.,
Order 3 chicken pieces,Sure thing! Total is <bill>.,,
I want 1 bottle of Sprite,Sprite added. Your bill is <bill>.,,
Add 1 shawarma please,Shawarma added. That will be <bill>.,,
Give me a chicken sandwich,Okay! Chicken sandwich costs <bill>.,,
Add 1 cupcake,Cupcake on the way. Total: <bill>.,,
Send me a plate of fries,Fries coming! Your bill: <bill>.,,
Can I have 2 mango juices?,Yes! Mango juices total is <bill>.,,
One lemon soda please,Lemon soda added. Cost is <bill>.,,
Add 1 paneer tikka,Paneer tikka added. Total: <bill>.,,
I want a chicken biryani,Noted. Biryani costs <bill>.,,
Order 2 gulab jamuns,Sweet order! Your bill: <bill>.,,
Send me 1 lemonade and 1 brownie,Order added. Your bill is <bill>.,,
I‚Äôll take 2 samosas and a tea,Order noted! That‚Äôll be <bill>.,,
Please get 3 cupcakes,Cupcakes added. Bill: <bill>.,,
I want to order 1 mojito,Mojito on the way! Your bill is <bill>.,,
Give me 2 beef rolls and a drink,Sure! That‚Äôll be <bill>.,,
Add 1 karahi and 2 naans,Perfect combo! Your total is <bill>.,,
Order 1 pasta with white sauce,White sauce pasta costs <bill>.,,
Send me 2 rolls and a coke,Got it. Your total is <bill>.,,
I‚Äôd like 1 grilled fish,Grilled fish added. Bill is <bill>.,,
Add 1 cappuccino and 2 biscuits,Sure! That‚Äôs <bill>.,,
Give me 1 plate of chicken curry,Order added! Total is <bill>.,,
Get 2 French fries and 1 drink,Done. That‚Äôll be <bill>.,,
I need 3 sandwiches and 1 tea,Sure. Your bill is <bill>.,,
Add 1 pizza and garlic bread,Noted! Total comes to <bill>.,,
I'd like 2 chicken legs and 1 coke,Order placed. Total: <bill>.,,
Get me 2 chais and 1 paratha,Sure! That comes to <bill>.,,
Please add a chocolate lava cake,Lava cake added. That‚Äôs <bill>.,,
Add 1 garlic naan and 1 soup,Done. Your bill is <bill>.,,
Send me 1 mutton biryani and coke,Mutton biryani combo costs <bill>.,,
Can I get 1 milkshake and 1 samosa?,Yes! That‚Äôs <bill>.,,
I want 2 kebabs and a roti,Kebabs and roti coming up! <bill>.,,
Please give me 1 green tea,Green tea added. Total: <bill>.,,
Give me 3 bottles of water,Sure. That‚Äôll be <bill>.,,
Order 1 chapli kebab,Chapli kebab added. Your bill: <bill>.,,
Send me 1 daal and 1 rice,Daal and rice ‚Äî total is <bill>.,,
I want a burger,What type of burger would you like? <showmenu:burger>,,
I‚Äôd like a pizza,Which pizza would you prefer? <showmenu:pizza>,,
Can I get a drink?,What drink would you like? <showmenu:drink>,,
I want dessert,Please choose from the desserts menu. <showmenu:dessert>,,
I‚Äôm craving something sweet,What dessert would you like to order? <showmenu:dessert>,,
I want some juice,Which juice would you like? <showmenu:drink>,,
Get me a wrap,What type of wrap would you prefer? <showmenu:wrap>,,
I need something spicy,Do you want a spicy burger or spicy biryani? <showmenu:spicy>,,
Send over a sandwich,Which sandwich would you like? <showmenu:sandwich>,,
I want a roll,What type of roll would you prefer? <showmenu:roll>,,
I'd like to order a tea,Which tea would you like? <showmenu:tea>,,
Add a salad,Please select a salad from the menu. <showmenu:salad>,,
Give me noodles,Which noodles would you like? <showmenu:noodles>,,
Let‚Äôs go with some rice,What rice dish would you like? <showmenu:rice>,,
I want a shake,Which shake do you prefer? <showmenu:shake>,,
Please add a soup,Which soup would you like? <showmenu:soup>,,
I‚Äôd love a kebab,Which type of kebab would you like? <showmenu:kebab>,,
I feel like eating biryani,Which biryani would you like? <showmenu:biryani>,,
Bring me a cold drink,Which cold drink would you prefer? <showmenu:drink>,,
I want a hot beverage,Please select a hot beverage. <showmenu:tea>,,
Order something sweet for me,What dessert would you like? <showmenu:dessert>,,
Send me a platter,Which platter would you like? <showmenu:platter>,,
I need a main course,What type of main course are you looking for? <showmenu:maincourse>,,
Can I have a paratha?,Which paratha would you like? <showmenu:paratha>,,
I'm in for something vegetarian,Which vegetarian dish would you prefer? <showmenu:veg>,,
I want a combo meal,Please select your combo. <showmenu:combo>,,
I‚Äôm hungry, suggest something,What kind of food are you in the mood for? <showmenu:recommend>,
Add something to eat,Please choose what you'd like. <showmenu:food>,,
Give me one item,Which item would you like? <showmenu:general>,,
I‚Äôd like a snack,What kind of snack do you want? <showmenu:snack>,,
Give me some fries,What type of fries would you prefer? <showmenu:fries>,,
Let‚Äôs start with a drink,What drink would you like? <showmenu:drink>,,
I need something to eat,Would you like to choose from our menu? <showmenu:general>,,
Order food,What would you like to have? <showmenu:food>,,
Can I eat something now?,Sure! What are you craving? <showmenu:recommend>,,
Add one item please,Which one would you like? <showmenu:general>,,
Bring me something special,Would you like to try our specials? <showmenu:special>,,
Just something light,Would you prefer snacks or drinks? <showmenu:light>,,
Get me lunch,Please pick your lunch from the menu. <showmenu:lunch>,,
I want something heavy,Would you like a full meal or combo? <showmenu:meal>,,
Let me have something delicious,Would you like a recommendation? <showmenu:recommend>,,
Get me a special dish,Which special dish are you referring to? <showmenu:special>,,
Add food to my order,Which food item should I add? <showmenu:food>,,
Give me a hot item,Do you mean tea, soup, or a hot meal? <showmenu:hot>
Something cold please,Would you like a cold drink or dessert? <showmenu:cold>,,
I need quick food,Would you like fast items like burgers or rolls? <showmenu:quick>,,
Please add dinner,Please select your dinner option. <showmenu:dinner>,,
Give me a starter,Which starter would you prefer? <showmenu:starter>,,
Suggest a burger,Sure! Here are our burger options. <showmenu:burger>,,
Add my favorite item,Please confirm your favorite from the list. <showmenu:favorites>,,
I‚Äôm in the mood for food,Please choose what you‚Äôd like to have. <showmenu:food>,,
Zinger burger,Great! Zinger burger added. Your total is <bill>.,,
Cheese pizza,Cheese pizza added. Your bill is <bill>.,,
Coca Cola,Coke added. Your total is <bill>.,,
Chocolate cake,Chocolate cake added. Bill is <bill>.,,
Chicken wrap,Chicken wrap added. Total comes to <bill>.,,
Green tea,Green tea added. That'll be <bill>.,,
Beef burger,Beef burger added to your order. <bill>,,
Lemonade,Lemonade added. Total is <bill>.,,
Veg sandwich,Veg sandwich confirmed. Your bill is <bill>.,,
Fries,Fries added. That‚Äôll be <bill>.,,
Mint margarita,Mint margarita added. Your bill: <bill>.,,
Brownie,Brownie added. That‚Äôll be <bill>.,,
Club sandwich,Club sandwich placed. Your total is <bill>.,,
BBQ pizza,BBQ pizza added. Final bill is <bill>.,,
Cappuccino,Cappuccino is added. <bill>,,
Spicy noodles,Spicy noodles confirmed. Bill: <bill>.,,
Chicken biryani,Chicken biryani added. Total is <bill>.,,
Veg roll,Veg roll added. Bill is <bill>.,,
Cold coffee,Cold coffee added. Final amount: <bill>.,,
Garlic bread,Garlic bread is added. <bill>,,
Samosa,Samosa added. Your total is <bill>.,,
Vanilla shake,Vanilla shake confirmed. Total: <bill>.,,
Fajita pizza,Fajita pizza placed. Your bill is <bill>.,,
Chicken soup,Chicken soup added. Total <bill>.,,
Paneer wrap,Paneer wrap added to your order. <bill>,,
Spring rolls,Spring rolls confirmed. Bill is <bill>.,,
Water bottle,Water bottle added. <bill>,,
Butter naan,Butter naan added. Total is <bill>.,,
Tandoori chicken,Tandoori chicken confirmed. <bill>,,
Green salad,Green salad placed. Your bill is <bill>.,,
Chicken tikka,Chicken tikka added to your order. <bill>,,
Strawberry shake,Strawberry shake added. Total: <bill>.,,
Mutton biryani,Mutton biryani added. Final bill: <bill>.,,
Hot chocolate,Hot chocolate placed. <bill>,,
Fried rice,Fried rice added. Total is <bill>.,,
Pepsi,Pepsi added. Your bill is <bill>.,,
Ice cream sundae,Ice cream sundae added. <bill>,,
Pasta Alfredo,Pasta Alfredo confirmed. <bill>,,
Double cheeseburger,Double cheeseburger added. <bill>,,
Masala tea,Masala tea added. Total: <bill>.,,
Crispy chicken burger,Crispy chicken burger placed. <bill>,,
Loaded fries,Loaded fries added. Your bill is <bill>.,,
Fish fillet burger,Fish fillet burger confirmed. <bill>,,
Fruit salad,Fruit salad added. <bill>,,
Tikka platter,Tikka platter placed. <bill>,,
Soup of the day,Soup added. Total: <bill>.,,
Egg fried rice,Egg fried rice added. Bill is <bill>.,,
Chili garlic noodles,Chili garlic noodles added. <bill>,,
Chicken wings,Chicken wings added. <bill>,,
Hot & sour soup,Hot & sour soup placed. <bill>,,
Give me 2 Chicken Biryani,Got it! <amount> <menuitem>  in your cart. Total: <bill>.,,
Bring me 3 Butter Naan,"Okay, <amount> <menuitem>  added. You'll be charged <bill>.",,
"I'll have 5 Samosa, and 3 Greek Salad, and a serving of Pasta Alfredo","<amount> <menuitem> <amount> <menuitem>, and <amount> <menuitem> added successfully. The bill is <bill>.",,
"Give me full French Fries, and a bowl of Paneer Tikka","Okay, <amount> <menuitem> <amount> <menuitem> added. You'll be charged <bill>.",,
I'll have a bowl of Veggie Pizza,"Okay, <amount> <menuitem>  added. You'll be charged <bill>.",,
Give me 2 Greek Salad,<amount> <menuitem>  added. Please proceed to payment. Bill: <bill>.,,
"Please get me 3 Mint Margarita, and a serving of Chicken Biryani, and 2 French Fries","Order confirmed: <amount> <menuitem> <amount> <menuitem>, and <amount> <menuitem>. Total amount is <bill>.",,
"Get me a bowl of Spring Rolls, and a serving of Butter Naan",Order confirmed: <amount> <menuitem> <amount> <menuitem>. Total amount is <bill>.,,
Bring me half Mint Margarita,<amount> <menuitem>  added to your order. Your bill is <bill>.,,
"Order 3 Grilled Chicken Burger, and 3 Veggie Pizza, and a bowl of Mutton Karahi","<amount> <menuitem> <amount> <menuitem>, and <amount> <menuitem> added to your order. Your bill is <bill>.",,
"I'd like to order 3 Masala Dosa, and 3 Mutton Karahi, and a serving of Club Sandwich","Okay, <amount> <menuitem> <amount> <menuitem>, and <amount> <menuitem> added. You'll be charged <bill>.",,
Kindly serve me 1 Tandoori Chicken,Confirmed: <amount> <menuitem> . Amount: <bill>.,,
"Order 2 Garlic Bread, and full Club Sandwich","Okay, <amount> <menuitem> <amount> <menuitem> added. You'll be charged <bill>.",,
Please get me half Tandoori Chicken,"Okay, <amount> <menuitem>  added. You'll be charged <bill>.",,
"Kindly serve me a serving of Club Sandwich, and a bowl of Garlic Bread, and a plate of Samosa","Okay, <amount> <menuitem> <amount> <menuitem>, and <amount> <menuitem> added. You'll be charged <bill>.",,
Can you add 3 Grilled Chicken Burger,Confirmed: <amount> <menuitem> . Amount: <bill>.,,
"I'll have half Butter Naan, and 1 Greek Salad",Got it! <amount> <menuitem> <amount> <menuitem> in your cart. Total: <bill>.,,
Get me a bowl of Beef Kebab,<amount> <menuitem>  added to your order. Your bill is <bill>.,,
Add half Masala Dosa,"Okay, <amount> <menuitem>  added. You'll be charged <bill>.",,
"Please get me 3 Veggie Pizza, and half Club Sandwich",Got it! <amount> <menuitem> <amount> <menuitem> in your cart. Total: <bill>.,,
Add a plate of Garlic Bread,Confirmed: <amount> <menuitem> . Amount: <bill>.,,
"Give me a plate of Greek Salad, and 5 Tandoori Chicken",Got it! <amount> <menuitem> <amount> <menuitem> in your cart. Total: <bill>.,,
"I'd like full Beef Kebab, and 5 Mint Margarita",Order confirmed: <amount> <menuitem> <amount> <menuitem>. Total amount is <bill>.,,
"Give me 4 Veggie Pizza, and 1 Samosa",Confirmed: <amount> <menuitem> <amount> <menuitem>. Amount: <bill>.,,
"Can you add 5 Paneer Tikka, and a serving of Masala Dosa, and 3 Mango Lassi","<amount> <menuitem> <amount> <menuitem>, and <amount> <menuitem> added to your order. Your bill is <bill>.",,
"Kindly serve me 5 Paneer Tikka, and 2 Tandoori Chicken",Order confirmed: <amount> <menuitem> <amount> <menuitem>. Total amount is <bill>.,,
"Can you add a serving of Mutton Karahi, and a plate of Paneer Tikka, and 2 Greek Salad","Order confirmed: <amount> <menuitem> <amount> <menuitem>, and <amount> <menuitem>. Total amount is <bill>.",,
"I want 5 Paneer Tikka, and 3 Samosa",<amount> <menuitem> <amount> <menuitem> added successfully. The bill is <bill>.,,
"Get me 5 Veggie Pizza, and a serving of Fish Fry",Sure! <amount> <menuitem> <amount> <menuitem> coming right up. Your total is <bill>.,,
"Bring me a plate of Samosa, and 5 Butter Naan, and 1 Veggie Pizza","Confirmed: <amount> <menuitem> <amount> <menuitem>, and <amount> <menuitem>. Amount: <bill>.",,
"Can you add 1 Tandoori Chicken, and 1 Samosa",Order confirmed: <amount> <menuitem> <amount> <menuitem>. Total amount is <bill>.,,
"Give me 2 Fish Fry, and half Mint Margarita",<amount> <menuitem> <amount> <menuitem> added successfully. The bill is <bill>.,,
"I want 2 Chocolate Lava Cake, and a plate of Fish Fry",<amount> <menuitem> <amount> <menuitem> added successfully. The bill is <bill>.,,
I'd like to order full Mint Margarita,Confirmed: <amount> <menuitem> . Amount: <bill>.,,
"Order a serving of Garlic Bread, and 1 Club Sandwich, and a serving of Butter Naan","Sure! <amount> <menuitem> <amount> <menuitem>, and <amount> <menuitem> coming right up. Your total is <bill>.",,
"I'll have 4 Mutton Karahi, and full Fish Fry, and 3 Butter Naan","<amount> <menuitem> <amount> <menuitem>, and <amount> <menuitem> added. Please proceed to payment. Bill: <bill>.",,
"I'll have 1 Club Sandwich, and 2 Mutton Karahi",Confirmed: <amount> <menuitem> <amount> <menuitem>. Amount: <bill>.,,
"I want a plate of Pasta Alfredo, and a bowl of Mango Lassi, and half Chicken Biryani","Okay, <amount> <menuitem> <amount> <menuitem>, and <amount> <menuitem> added. You'll be charged <bill>.",,
"Add 3 Chicken Biryani, and half Veggie Pizza, and half Club Sandwich","<amount> <menuitem> <amount> <menuitem>, and <amount> <menuitem> added. Please proceed to payment. Bill: <bill>.",,
Can you add a serving of Spring Rolls,<amount> <menuitem>  added. Please proceed to payment. Bill: <bill>.,,
Order 4 Samosa,<amount> <menuitem>  added to your order. Your bill is <bill>.,,
"Give me 5 Butter Naan, and a plate of Samosa",Order confirmed: <amount> <menuitem> <amount> <menuitem>. Total amount is <bill>.,,
"Bring me a serving of Masala Dosa, and 2 Spring Rolls, and 4 Veggie Pizza","Okay, <amount> <menuitem> <amount> <menuitem>, and <amount> <menuitem> added. You'll be charged <bill>.",,
Order a plate of Club Sandwich,Confirmed: <amount> <menuitem> . Amount: <bill>.,,
"Bring me 1 Tandoori Chicken, and 3 Samosa",<amount> <menuitem> <amount> <menuitem> added. Please proceed to payment. Bill: <bill>.,,
Get me a plate of Beef Kebab,<amount> <menuitem>  added to your order. Your bill is <bill>.,,
"Order a serving of Beef Kebab, and 1 Tandoori Chicken, and a bowl of Mint Margarita","<amount> <menuitem> <amount> <menuitem>, and <amount> <menuitem> added. Please proceed to payment. Bill: <bill>.",,
I'd like to order a serving of Paneer Tikka,Sure! <amount> <menuitem>  coming right up. Your total is <bill>.,,
"Add 3 Spring Rolls, and a plate of Chicken Biryani, and 4 Samosa","Okay, <amount> <menuitem> <amount> <menuitem>, and <amount> <menuitem> added. You'll be charged <bill>.",,
"Get me 5 Veggie Pizza, and a bowl of French Fries",<amount> <menuitem> <amount> <menuitem> added. Please proceed to payment. Bill: <bill>.,,
Get me a serving of Chicken Biryani,<amount> <menuitem>  added to your order. Your bill is <bill>.,,
Add a bowl of Mutton Karahi,Confirmed: <amount> <menuitem> . Amount: <bill>.,,
Can you add 2 Mint Margarita,"Okay, <amount> <menuitem>  added. You'll be charged <bill>.",,
"Order a bowl of Mint Margarita, and a plate of Mango Lassi, and a bowl of Club Sandwich","Got it! <amount> <menuitem> <amount> <menuitem>, and <amount> <menuitem> in your cart. Total: <bill>.",,
"I'd like to order a serving of Spring Rolls, and 5 Beef Kebab",Order confirmed: <amount> <menuitem> <amount> <menuitem>. Total amount is <bill>.,,
"Please get me 2 Mint Margarita, and 5 Mutton Karahi, and 4 Garlic Bread","Order confirmed: <amount> <menuitem> <amount> <menuitem>, and <amount> <menuitem>. Total amount is <bill>.",,
"Bring me half Greek Salad, and a serving of Paneer Tikka",<amount> <menuitem> <amount> <menuitem> added. Please proceed to payment. Bill: <bill>.,,
"I'll have a bowl of Masala Dosa, and 4 Paneer Tikka, and 4 Tandoori Chicken","Got it! <amount> <menuitem> <amount> <menuitem>, and <amount> <menuitem> in your cart. Total: <bill>.",,
"Bring me a plate of Club Sandwich, and 3 Greek Salad, and 3 French Fries","Got it! <amount> <menuitem> <amount> <menuitem>, and <amount> <menuitem> in your cart. Total: <bill>.",,
"I'd like a bowl of French Fries, and 2 Mango Lassi",Sure! <amount> <menuitem> <amount> <menuitem> coming right up. Your total is <bill>.,,
"Kindly serve me 5 Fish Fry, and 5 French Fries, and half Mango Lassi","Sure! <amount> <menuitem> <amount> <menuitem>, and <amount> <menuitem> coming right up. Your total is <bill>.",,
"Bring me 2 Fish Fry, and half Beef Kebab, and 5 Chocolate Lava Cake","<amount> <menuitem> <amount> <menuitem>, and <amount> <menuitem> added. Please proceed to payment. Bill: <bill>.",,
"I'll have a bowl of Chocolate Lava Cake, and 3 Masala Dosa, and a serving of Club Sandwich","Sure! <amount> <menuitem> <amount> <menuitem>, and <amount> <menuitem> coming right up. Your total is <bill>.",,
"Kindly serve me a bowl of Grilled Chicken Burger, and 4 Spring Rolls",<amount> <menuitem> <amount> <menuitem> added. Please proceed to payment. Bill: <bill>.,,
"I'll have 4 Garlic Bread, and 1 Paneer Tikka",Order confirmed: <amount> <menuitem> <amount> <menuitem>. Total amount is <bill>.,,
"Get me half Beef Kebab, and a serving of Spring Rolls",Order confirmed: <amount> <menuitem> <amount> <menuitem>. Total amount is <bill>.,,
Please get me 2 French Fries,Order confirmed: <amount> <menuitem> . Total amount is <bill>.,,
"Get me 5 Chicken Biryani, and a serving of Chocolate Lava Cake",Confirmed: <amount> <menuitem> <amount> <menuitem>. Amount: <bill>.,,
"Can you add 4 Chicken Biryani, and full Mint Margarita",<amount> <menuitem> <amount> <menuitem> added successfully. The bill is <bill>.,,
I want half Beef Kebab,"Okay, <amount> <menuitem>  added. You'll be charged <bill>.",,
Please get me 5 Veggie Pizza,"Okay, <amount> <menuitem>  added. You'll be charged <bill>.",,
"I'd like 2 Butter Naan, and full Club Sandwich, and 3 Beef Kebab","Order confirmed: <amount> <menuitem> <amount> <menuitem>, and <amount> <menuitem>. Total amount is <bill>.",,
"Give me a plate of Pasta Alfredo, and 5 Tandoori Chicken, and a plate of Butter Naan","<amount> <menuitem> <amount> <menuitem>, and <amount> <menuitem> added successfully. The bill is <bill>.",,
"Kindly serve me 3 Club Sandwich, and a serving of Mutton Karahi, and 3 Chocolate Lava Cake","<amount> <menuitem> <amount> <menuitem>, and <amount> <menuitem> added to your order. Your bill is <bill>.",,
"I'll have a bowl of Mint Margarita, and a serving of Beef Kebab, and 5 Butter Naan","<amount> <menuitem> <amount> <menuitem>, and <amount> <menuitem> added. Please proceed to payment. Bill: <bill>.",,
Order a plate of French Fries,Got it! <amount> <menuitem>  in your cart. Total: <bill>.,,
"Order 5 Mutton Karahi, and half Mint Margarita",<amount> <menuitem> <amount> <menuitem> added successfully. The bill is <bill>.,,
"Get me 4 Butter Naan, and 4 Mutton Karahi",<amount> <menuitem> <amount> <menuitem> added successfully. The bill is <bill>.,,
Please get me a serving of Paneer Tikka,Confirmed: <amount> <menuitem> . Amount: <bill>.,,
"Get me a bowl of Grilled Chicken Burger, and 3 Pasta Alfredo",<amount> <menuitem> <amount> <menuitem> added. Please proceed to payment. Bill: <bill>.,,
Bring me 2 Paneer Tikka,Confirmed: <amount> <menuitem> . Amount: <bill>.,,
"I'll have full Club Sandwich, and 3 Garlic Bread",Got it! <amount> <menuitem> <amount> <menuitem> in your cart. Total: <bill>.,,
Get me 4 Pasta Alfredo,"Okay, <amount> <menuitem>  added. You'll be charged <bill>.",,
I want 1 Fish Fry,Sure! <amount> <menuitem>  coming right up. Your total is <bill>.,,
Order 5 Mint Margarita,Confirmed: <amount> <menuitem> . Amount: <bill>.,,
"Add 3 Beef Kebab, and half Fish Fry",<amount> <menuitem> <amount> <menuitem> added to your order. Your bill is <bill>.,,
"Can you add a plate of French Fries, and 5 Beef Kebab",Got it! <amount> <menuitem> <amount> <menuitem> in your cart. Total: <bill>.,,
"Add 3 Beef Kebab, and 5 Tandoori Chicken",<amount> <menuitem> <amount> <menuitem> added. Please proceed to payment. Bill: <bill>.,,
"I'd like to order half Mint Margarita, and 5 Beef Kebab",<amount> <menuitem> <amount> <menuitem> added to your order. Your bill is <bill>.,,
"Bring me a bowl of Mango Lassi, and 3 Butter Naan",Got it! <amount> <menuitem> <amount> <menuitem> in your cart. Total: <bill>.,,
"I want 2 Greek Salad, and a serving of Spring Rolls",Confirmed: <amount> <menuitem> <amount> <menuitem>. Amount: <bill>.,,
Get me 1 Tandoori Chicken,Sure! <amount> <menuitem>  coming right up. Your total is <bill>.,,
Add 4 Chicken Biryani,Order confirmed: <amount> <menuitem> . Total amount is <bill>.,,
"I'd like to order a plate of Chicken Biryani, and 3 Tandoori Chicken",Sure! <amount> <menuitem> <amount> <menuitem> coming right up. Your total is <bill>.,,
"I'd like to order a plate of Pasta Alfredo, and 4 Tandoori Chicken, and 3 Beef Kebab","<amount> <menuitem> <amount> <menuitem>, and <amount> <menuitem> added to your order. Your bill is <bill>.",,
I'd like to order 3 Club Sandwich,<amount> <menuitem>  added to your order. Your bill is <bill>.,,
Add a bowl of Greek Salad,<amount> <menuitem>  added to your order. Your bill is <bill>.,,
"Order a serving of Mango Lassi, and 1 Fish Fry, and 5 Paneer Tikka","Okay, <amount> <menuitem> <amount> <menuitem>, and <amount> <menuitem> added. You'll be charged <bill>.",,
Add 2 Samosa,Sure! <amount> <menuitem>  coming right up. Your total is <bill>.,,
"I'd like a plate of Samosa, and a plate of Paneer Tikka, and a bowl of Mutton Karahi","Order confirmed: <amount> <menuitem> <amount> <menuitem>, and <amount> <menuitem>. Total amount is <bill>.",,
"I'd like 3 Chicken Biryani, and 2 Samosa",<amount> <menuitem> <amount> <menuitem> added. Please proceed to payment. Bill: <bill>.,,
"Give me a bowl of Mutton Karahi, and full Chicken Biryani",<amount> <menuitem> <amount> <menuitem> added to your order. Your bill is <bill>.,,
I want 1 Chicken Biryani,<amount> <menuitem>  added to your order. Your bill is <bill>.,,
Bring me 5 Butter Naan,Confirmed: <amount> <menuitem> . Amount: <bill>.,,
Kindly serve me half Club Sandwich,Confirmed: <amount> <menuitem> . Amount: <bill>.,,
"Add 1 Beef Kebab, and 1 Mango Lassi, and a bowl of French Fries","Got it! <amount> <menuitem> <amount> <menuitem>, and <amount> <menuitem> in your cart. Total: <bill>.",,
"I want 3 Samosa, and a bowl of Paneer Tikka",Order confirmed: <amount> <menuitem> <amount> <menuitem>. Total amount is <bill>.,,
"Give me a serving of Mint Margarita, and 2 Mango Lassi, and a serving of Tandoori Chicken","Okay, <amount> <menuitem> <amount> <menuitem>, and <amount> <menuitem> added. You'll be charged <bill>.",,
"Add half Grilled Chicken Burger, and 3 Beef Kebab, and 4 Garlic Bread","Sure! <amount> <menuitem> <amount> <menuitem>, and <amount> <menuitem> coming right up. Your total is <bill>.",,
Please get me half Grilled Chicken Burger,<amount> <menuitem>  added successfully. The bill is <bill>.,,
"Can you add a serving of Greek Salad, and 5 Garlic Bread, and 2 Club Sandwich","Sure! <amount> <menuitem> <amount> <menuitem>, and <amount> <menuitem> coming right up. Your total is <bill>.",,
"Give me full Chocolate Lava Cake, and half Club Sandwich, and 2 Butter Naan","Confirmed: <amount> <menuitem> <amount> <menuitem>, and <amount> <menuitem>. Amount: <bill>.",,
Please get me 5 Beef Kebab,Order confirmed: <amount> <menuitem> . Total amount is <bill>.,,
"Kindly serve me a plate of Samosa, and 5 French Fries",Got it! <amount> <menuitem> <amount> <menuitem> in your cart. Total: <bill>.,,
"Order 4 Spring Rolls, and a plate of Butter Naan, and 1 French Fries","<amount> <menuitem> <amount> <menuitem>, and <amount> <menuitem> added. Please proceed to payment. Bill: <bill>.",,
"I'll have 2 Pasta Alfredo, and 2 Masala Dosa, and half Veggie Pizza","<amount> <menuitem> <amount> <menuitem>, and <amount> <menuitem> added. Please proceed to payment. Bill: <bill>.",,
"Please get me a plate of Club Sandwich, and 5 Fish Fry","Okay, <amount> <menuitem> <amount> <menuitem> added. You'll be charged <bill>.",,
"Give me half Chocolate Lava Cake, and 3 Fish Fry",Order confirmed: <amount> <menuitem> <amount> <menuitem>. Total amount is <bill>.,,
"I'll have 3 Tandoori Chicken, and 5 Pasta Alfredo",Sure! <amount> <menuitem> <amount> <menuitem> coming right up. Your total is <bill>.,,
"Kindly serve me half Greek Salad, and 4 Beef Kebab, and 3 Chocolate Lava Cake","Sure! <amount> <menuitem> <amount> <menuitem>, and <amount> <menuitem> coming right up. Your total is <bill>.",,
"Get me 5 Butter Naan, and 5 Club Sandwich",<amount> <menuitem> <amount> <menuitem> added successfully. The bill is <bill>.,,
Add a serving of Paneer Tikka,<amount> <menuitem>  added. Please proceed to payment. Bill: <bill>.,,
Kindly serve me 4 Samosa,Sure! <amount> <menuitem>  coming right up. Your total is <bill>.,,
Give me 3 Chocolate Lava Cake,Got it! <amount> <menuitem>  in your cart. Total: <bill>.,,
"Can you add a bowl of Paneer Tikka, and a serving of Mint Margarita, and a serving of Masala Dosa","<amount> <menuitem> <amount> <menuitem>, and <amount> <menuitem> added. Please proceed to payment. Bill: <bill>.",,
Kindly serve me 1 Beef Kebab,<amount> <menuitem>  added. Please proceed to payment. Bill: <bill>.,,
"I'll have a plate of Masala Dosa, and a serving of Beef Kebab, and a plate of Fish Fry","Order confirmed: <amount> <menuitem> <amount> <menuitem>, and <amount> <menuitem>. Total amount is <bill>.",,
"Please get me 4 Mango Lassi, and 3 Butter Naan",<amount> <menuitem> <amount> <menuitem> added successfully. The bill is <bill>.,,
"I'll have 4 Mango Lassi, and half French Fries, and 5 Fish Fry","<amount> <menuitem> <amount> <menuitem>, and <amount> <menuitem> added successfully. The bill is <bill>.",,
I want half Pasta Alfredo,<amount> <menuitem>  added. Please proceed to payment. Bill: <bill>.,,
"Bring me half Paneer Tikka, and 2 French Fries",Confirmed: <amount> <menuitem> <amount> <menuitem>. Amount: <bill>.,,
"Kindly serve me 5 Veggie Pizza, and half Mutton Karahi",Got it! <amount> <menuitem> <amount> <menuitem> in your cart. Total: <bill>.,,
"Give me 5 Veggie Pizza, and a serving of Tandoori Chicken",<amount> <menuitem> <amount> <menuitem> added to your order. Your bill is <bill>.,,
"I'll have 3 Mango Lassi, and half Mint Margarita, and full Spring Rolls","Got it! <amount> <menuitem> <amount> <menuitem>, and <amount> <menuitem> in your cart. Total: <bill>.",,
Can you add 2 Spring Rolls,<amount> <menuitem>  added to your order. Your bill is <bill>.,,
"Can you add 5 Paneer Tikka, and 1 Veggie Pizza",<amount> <menuitem> <amount> <menuitem> added. Please proceed to payment. Bill: <bill>.,,
Get me a plate of Paneer Tikka,<amount> <menuitem>  added successfully. The bill is <bill>.,,
"I'd like 5 Spring Rolls, and a serving of Paneer Tikka, and 5 Mutton Karahi","<amount> <menuitem> <amount> <menuitem>, and <amount> <menuitem> added to your order. Your bill is <bill>.",,
"Please get me a bowl of Paneer Tikka, and a plate of Butter Naan, and a bowl of Chocolate Lava Cake","<amount> <menuitem> <amount> <menuitem>, and <amount> <menuitem> added to your order. Your bill is <bill>.",,
"Get me a bowl of Grilled Chicken Burger, and 2 Garlic Bread, and 2 Tandoori Chicken","Sure! <amount> <menuitem> <amount> <menuitem>, and <amount> <menuitem> coming right up. Your total is <bill>.",,
Bring me 3 Butter Naan,<amount> <menuitem>  added. Please proceed to payment. Bill: <bill>.,,
"Add a bowl of Club Sandwich, and 3 Chicken Biryani",<amount> <menuitem> <amount> <menuitem> added. Please proceed to payment. Bill: <bill>.,,
"I'll have a bowl of Butter Naan, and 2 Tandoori Chicken",<amount> <menuitem> <amount> <menuitem> added to your order. Your bill is <bill>.,,
"Order a plate of Greek Salad, and 2 Masala Dosa, and 5 Garlic Bread","Sure! <amount> <menuitem> <amount> <menuitem>, and <amount> <menuitem> coming right up. Your total is <bill>.",,
I'd like 5 Veggie Pizza,"Okay, <amount> <menuitem>  added. You'll be charged <bill>.",,
"Kindly serve me 5 Grilled Chicken Burger, and full Club Sandwich, and a serving of Mint Margarita","<amount> <menuitem> <amount> <menuitem>, and <amount> <menuitem> added successfully. The bill is <bill>.",,
Please get me a plate of Masala Dosa,Order confirmed: <amount> <menuitem> . Total amount is <bill>.,,
"Bring me a plate of Paneer Tikka, and 1 Beef Kebab",Got it! <amount> <menuitem> <amount> <menuitem> in your cart. Total: <bill>.,,
I want a bowl of Chicken Biryani,<amount> <menuitem>  added to your order. Your bill is <bill>.,,
"Give me a plate of Samosa, and 1 Grilled Chicken Burger, and half Masala Dosa","Confirmed: <amount> <menuitem> <amount> <menuitem>, and <amount> <menuitem>. Amount: <bill>.",,
Order full Mutton Karahi,Order confirmed: <amount> <menuitem> . Total amount is <bill>.,,
"I'll have a plate of Chicken Biryani, and a bowl of Grilled Chicken Burger, and a bowl of Pasta Alfredo","Confirmed: <amount> <menuitem> <amount> <menuitem>, and <amount> <menuitem>. Amount: <bill>.",,
"Order full Veggie Pizza, and 3 Paneer Tikka, and 1 Pasta Alfredo","<amount> <menuitem> <amount> <menuitem>, and <amount> <menuitem> added. Please proceed to payment. Bill: <bill>.",,
"Order a serving of Club Sandwich, and half Beef Kebab",<amount> <menuitem> <amount> <menuitem> added successfully. The bill is <bill>.,,
I'd like 5 Butter Naan,Confirmed: <amount> <menuitem> . Amount: <bill>.,,
Kindly serve me 4 Samosa,Order confirmed: <amount> <menuitem> . Total amount is <bill>.,,
"Get me a plate of Mango Lassi, and a bowl of Chicken Biryani, and half Butter Naan","Confirmed: <amount> <menuitem> <amount> <menuitem>, and <amount> <menuitem>. Amount: <bill>.",,
"Give me full Veggie Pizza, and 4 Masala Dosa, and 1 Mint Margarita","<amount> <menuitem> <amount> <menuitem>, and <amount> <menuitem> added successfully. The bill is <bill>.",,
Bring me 1 Chocolate Lava Cake,Got it! <amount> <menuitem>  in your cart. Total: <bill>.,,
"I'll have 2 Masala Dosa, and 5 Veggie Pizza",<amount> <menuitem> <amount> <menuitem> added. Please proceed to payment. Bill: <bill>.,,
"Bring me 4 Tandoori Chicken, and 2 Mango Lassi",Sure! <amount> <menuitem> <amount> <menuitem> coming right up. Your total is <bill>.,,
Bring me a bowl of Veggie Pizza,Got it! <amount> <menuitem>  in your cart. Total: <bill>.,,
"Please get me 1 Mango Lassi, and a serving of Club Sandwich","Okay, <amount> <menuitem> <amount> <menuitem> added. You'll be charged <bill>.",,
Add a plate of French Fries,Order confirmed: <amount> <menuitem> . Total amount is <bill>.,,
"Order a serving of Beef Kebab, and 2 Mutton Karahi",Confirmed: <amount> <menuitem> <amount> <menuitem>. Amount: <bill>.,,
"I'd like 3 Mango Lassi, and 1 Spring Rolls, and a bowl of Grilled Chicken Burger","Got it! <amount> <menuitem> <amount> <menuitem>, and <amount> <menuitem> in your cart. Total: <bill>.",,
"Add 3 Mutton Karahi, and 5 Chocolate Lava Cake, and full Grilled Chicken Burger","<amount> <menuitem> <amount> <menuitem>, and <amount> <menuitem> added successfully. The bill is <bill>.",,
"Can you add a plate of Tandoori Chicken, and 1 Mint Margarita",Confirmed: <amount> <menuitem> <amount> <menuitem>. Amount: <bill>.,,
Get me 4 Masala Dosa,<amount> <menuitem>  added successfully. The bill is <bill>.,,
Get me 5 Beef Kebab,Sure! <amount> <menuitem>  coming right up. Your total is <bill>.,,
"I'd like a plate of Fish Fry, and a serving of Tandoori Chicken",<amount> <menuitem> <amount> <menuitem> added to your order. Your bill is <bill>.,,
"Get me 5 Club Sandwich, and 2 French Fries",Order confirmed: <amount> <menuitem> <amount> <menuitem>. Total amount is <bill>.,,
Kindly serve me a plate of French Fries,Sure! <amount> <menuitem>  coming right up. Your total is <bill>.,,
"Order 1 Club Sandwich, and 3 Paneer Tikka",Sure! <amount> <menuitem> <amount> <menuitem> coming right up. Your total is <bill>.,,
"I want full Mutton Karahi, and half Paneer Tikka",Sure! <amount> <menuitem> <amount> <menuitem> coming right up. Your total is <bill>.,,
Add a plate of Veggie Pizza,Got it! <amount> <menuitem>  in your cart. Total: <bill>.,,
"Can you add 3 Veggie Pizza, and half Grilled Chicken Burger, and half Mint Margarita","Got it! <amount> <menuitem> <amount> <menuitem>, and <amount> <menuitem> in your cart. Total: <bill>.",,
"I'd like full Mutton Karahi, and 1 Chicken Biryani",<amount> <menuitem> <amount> <menuitem> added to your order. Your bill is <bill>.,,
"Please get me 4 Beef Kebab, and 5 Butter Naan",Sure! <amount> <menuitem> <amount> <menuitem> coming right up. Your total is <bill>.,,
"Bring me full Pasta Alfredo, and a bowl of Beef Kebab",Confirmed: <amount> <menuitem> <amount> <menuitem>. Amount: <bill>.,,
"I'd like to order 3 Beef Kebab, and 5 Butter Naan, and full Chicken Biryani","Got it! <amount> <menuitem> <amount> <menuitem>, and <amount> <menuitem> in your cart. Total: <bill>.",,
"Add a plate of Tandoori Chicken, and 3 French Fries, and a plate of Chocolate Lava Cake","Okay, <amount> <menuitem> <amount> <menuitem>, and <amount> <menuitem> added. You'll be charged <bill>.",,
Bring me 3 Masala Dosa,Got it! <amount> <menuitem>  in your cart. Total: <bill>.,,
Add a plate of Chicken Biryani,Confirmed: <amount> <menuitem> . Amount: <bill>.,,
"Please get me a plate of Paneer Tikka, and 2 Samosa",Sure! <amount> <menuitem> <amount> <menuitem> coming right up. Your total is <bill>.,,
"Order a plate of Veggie Pizza, and 2 Garlic Bread, and 3 Mint Margarita","Confirmed: <amount> <menuitem> <amount> <menuitem>, and <amount> <menuitem>. Amount: <bill>.",,
"Bring me a bowl of Greek Salad, and a plate of Mutton Karahi",Sure! <amount> <menuitem> <amount> <menuitem> coming right up. Your total is <bill>.,,
"Add half Fish Fry, and 3 Masala Dosa, and a serving of Samosa","Order confirmed: <amount> <menuitem> <amount> <menuitem>, and <amount> <menuitem>. Total amount is <bill>.",,
Give me 3 Mutton Karahi,Got it! <amount> <menuitem>  in your cart. Total: <bill>.,,
"I want 4 Fish Fry, and 5 Grilled Chicken Burger",<amount> <menuitem> <amount> <menuitem> added successfully. The bill is <bill>.,,
"Order a bowl of Beef Kebab, and a bowl of Garlic Bread, and 5 Mango Lassi","Okay, <amount> <menuitem> <amount> <menuitem>, and <amount> <menuitem> added. You'll be charged <bill>.",,
Kindly serve me 4 Mango Lassi,Sure! <amount> <menuitem>  coming right up. Your total is <bill>.,,
"I'd like to order 3 Garlic Bread, and a bowl of Chocolate Lava Cake",Order confirmed: <amount> <menuitem> <amount> <menuitem>. Total amount is <bill>.,,
Give me a plate of Chicken Biryani,Confirmed: <amount> <menuitem> . Amount: <bill>.,,
"I want full Garlic Bread, and a serving of Mint Margarita","Okay, <amount> <menuitem> <amount> <menuitem> added. You'll be charged <bill>.",,
I'd like to order full Fish Fry,<amount> <menuitem>  added. Please proceed to payment. Bill: <bill>.,,
"Can you add a bowl of Veggie Pizza, and a plate of Fish Fry, and 5 Pasta Alfredo","Confirmed: <amount> <menuitem> <amount> <menuitem>, and <amount> <menuitem>. Amount: <bill>.",,
"I'd like a serving of French Fries, and 5 Masala Dosa, and 2 Mutton Karahi","<amount> <menuitem> <amount> <menuitem>, and <amount> <menuitem> added. Please proceed to payment. Bill: <bill>.",,
"Order 5 Butter Naan, and a bowl of Spring Rolls",Confirmed: <amount> <menuitem> <amount> <menuitem>. Amount: <bill>.,,
"I'd like to order 2 Butter Naan, and a serving of Samosa",Sure! <amount> <menuitem> <amount> <menuitem> coming right up. Your total is <bill>.,,
"Can you add 1 Club Sandwich, and 2 Beef Kebab, and 2 Mango Lassi","Sure! <amount> <menuitem> <amount> <menuitem>, and <amount> <menuitem> coming right up. Your total is <bill>.",,
"I'd like 2 Pasta Alfredo, and 5 Grilled Chicken Burger, and a plate of Samosa","Sure! <amount> <menuitem> <amount> <menuitem>, and <amount> <menuitem> coming right up. Your total is <bill>.",,
"Add full Mutton Karahi, and 2 Paneer Tikka",Order confirmed: <amount> <menuitem> <amount> <menuitem>. Total amount is <bill>.,,
"Order a serving of Chocolate Lava Cake, and 5 Pasta Alfredo, and a plate of French Fries","Confirmed: <amount> <menuitem> <amount> <menuitem>, and <amount> <menuitem>. Amount: <bill>.",,
"Get me a plate of Chicken Biryani, and full Club Sandwich, and 5 Greek Salad","Confirmed: <amount> <menuitem> <amount> <menuitem>, and <amount> <menuitem>. Amount: <bill>.",,
Bring me full Masala Dosa,"Okay, <amount> <menuitem>  added. You'll be charged <bill>.",,
I'd like 2 Butter Naan,<amount> <menuitem>  added. Please proceed to payment. Bill: <bill>.,,
Order a serving of Tandoori Chicken,Confirmed: <amount> <menuitem> . Amount: <bill>.,,
"I'd like full Chocolate Lava Cake, and half Butter Naan",Sure! <amount> <menuitem> <amount> <menuitem> coming right up. Your total is <bill>.,,
Can you add 2 Mint Margarita,Got it! <amount> <menuitem>  in your cart. Total: <bill>.,,
Order a plate of Greek Salad,Confirmed: <amount> <menuitem> . Amount: <bill>.,,
"Order 5 Spring Rolls, and full Masala Dosa, and half Samosa","Got it! <amount> <menuitem> <amount> <menuitem>, and <amount> <menuitem> in your cart. Total: <bill>.",,
I want a bowl of Chicken Biryani,Sure! <amount> <menuitem>  coming right up. Your total is <bill>.,,
"I'll have a bowl of Pasta Alfredo, and a plate of Grilled Chicken Burger, and 3 Spring Rolls","<amount> <menuitem> <amount> <menuitem>, and <amount> <menuitem> added. Please proceed to payment. Bill: <bill>.",,
"I want a bowl of Pasta Alfredo, and 4 Mint Margarita, and a bowl of Club Sandwich","Order confirmed: <amount> <menuitem> <amount> <menuitem>, and <amount> <menuitem>. Total amount is <bill>.",,
Get me a plate of Beef Kebab,<amount> <menuitem>  added to your order. Your bill is <bill>.,,
"I want 1 Mango Lassi, and half Butter Naan",Got it! <amount> <menuitem> <amount> <menuitem> in your cart. Total: <bill>.,,
Please get me half Spring Rolls,"Okay, <amount> <menuitem>  added. You'll be charged <bill>.",,
"Please get me 5 Tandoori Chicken, and 4 French Fries",<amount> <menuitem> <amount> <menuitem> added. Please proceed to payment. Bill: <bill>.,,
"Give me a serving of Mango Lassi, and half Samosa",<amount> <menuitem> <amount> <menuitem> added to your order. Your bill is <bill>.,,
